{
  "hash": "34528c29",
  "configHash": "e674052f",
  "lockfileHash": "531f18f1",
  "browserHash": "2be444b9",
  "optimized": {
    "@angular/common": {
      "src": "../../../../../node_modules/@angular/common/fesm2022/common.mjs",
      "file": "@angular_common.js",
      "fileHash": "fa247d0a",
      "needsInterop": false
    },
    "@angular/common/http": {
      "src": "../../../../../node_modules/@angular/common/fesm2022/http.mjs",
      "file": "@angular_common_http.js",
      "fileHash": "85d42f5a",
      "needsInterop": false
    },
    "@angular/core": {
      "src": "../../../../../node_modules/@angular/core/fesm2022/core.mjs",
      "file": "@angular_core.js",
      "fileHash": "b456ca27",
      "needsInterop": false
    },
    "@angular/platform-browser": {
      "src": "../../../../../node_modules/@angular/platform-browser/fesm2022/platform-browser.mjs",
      "file": "@angular_platform-browser.js",
      "fileHash": "5bb6227a",
      "needsInterop": false
    },
    "@angular/router": {
      "src": "../../../../../node_modules/@angular/router/fesm2022/router.mjs",
      "file": "@angular_router.js",
      "fileHash": "7d850d4d",
      "needsInterop": false
    }
  },
  "chunks": {
    "chunk-NQGLZ2YA": {
      "file": "chunk-NQGLZ2YA.js"
    },
    "chunk-IQFSP22K": {
      "file": "chunk-IQFSP22K.js"
    },
    "chunk-QHALDMLH": {
      "file": "chunk-QHALDMLH.js"
    },
    "chunk-GSEU53OH": {
      "file": "chunk-GSEU53OH.js"
    }
  }
}